CORRETORA,,,,Toro,Toro,Binance,Binance,Binance,XP,XP,XP,XP,XP,XP,XP,XP,XP,XP,XP,XP,XP,XP,XP,XP,XP,XP,XP,XP,MB,99 Bank,
ASSET,,,,Charles River FIA,Ibovespa,BTC,SOL,SUI,XLU,GLDM,VGK,XLV,IWD,XLC,VIG,CDB 5a 14.1%,LCD 85% - BRDE,Guepardo FIA,Daycoval Classic CP,West Asset BDR,XP CDI DebÃªntures,Schroder CP HG,Trend Investback,Ibiuna CP,Real Investor FIM,Legacy FIM CP,JGP Deb FIM CP,Tarpon GT 90 FIA,Ascensus 15 18%,Contas Correntes,Resgatados
DATA,TOTAL,DIFF,,R$0.00,R$17.10,R$918.04,-R$68.85,R$103.07,-R$0.12,R$0.06,R$0.00,R$0.00,-R$0.29,-R$0.29,-R$0.12,R$5.05,R$4.70,R$0.00,R$0.00,R$0.00,R$0.00,R$0.00,R$0.00,R$0.00,R$0.00,R$0.00,R$0.00,R$0.00,R$2.31,R$328.86,R$0.00
31-May/19,"R$104,604.29","R$104,604.29",,R$0.00,R$0.00,R$0.00,R$0.00,R$0.00,R$0.00,R$0.00,R$0.00,R$0.00,R$0.00,R$0.00,R$0.00,R$0.00,R$0.00,R$0.00,R$0.00,R$0.00,R$0.00,R$0.00,R$0.00,R$0.00,R$0.00,R$0.00,R$0.00,R$0.00,R$0.00,"R$15,341.25","R$89,263.04"
30-Jun/19,"R$108,858.48","R$4,254.19",,R$0.00,R$0.00,R$0.00,R$0.00,R$0.00,R$0.00,R$0.00,R$0.00,R$0.00,R$0.00,R$0.00,R$0.00,R$0.00,R$0.00,R$0.00,R$0.00,R$0.00,R$0.00,R$0.00,R$0.00,R$0.00,R$0.00,R$0.00,R$0.00,R$0.00,R$0.00,"R$15,400.06","R$93,458.42"
31-Jul/19,"R$111,931.96","R$3,073.48",,R$0.00,R$0.00,R$0.00,R$0.00,R$0.00,R$0.00,R$0.00,R$0.00,R$0.00,R$0.00,R$0.00,R$0.00,R$0.00,R$0.00,R$0.00,R$0.00,R$0.00,R$0.00,R$0.00,R$0.00,R$0.00,R$0.00,R$0.00,R$0.00,R$0.00,R$0.00,"R$18,620.60","R$93,311.36"
31-Aug/19,"R$111,555.68",-R$376.28,,R$0.00,R$0.00,R$0.00,R$0.00,R$0.00,R$0.00,R$0.00,R$0.00,R$0.00,R$0.00,R$0.00,R$0.00,R$0.00,R$0.00,R$0.00,R$0.00,R$0.00,R$0.00,R$0.00,R$0.00,R$0.00,R$0.00,R$0.00,R$0.00,R$0.00,R$0.00,"R$18,125.84","R$93,429.84"
30-Sep/19,"R$114,887.48","R$3,331.80",,R$0.00,R$0.00,R$0.00,R$0.00,R$0.00,R$0.00,R$0.00,R$0.00,R$0.00,R$0.00,R$0.00,R$0.00,R$0.00,R$0.00,R$0.00,R$0.00,R$0.00,R$0.00,R$0.00,R$0.00,R$0.00,R$0.00,R$0.00,R$0.00,R$0.00,R$0.00,"R$11,133.35","R$103,754.13"
31-Oct/19,"R$124,782.93","R$9,895.45",,R$0.00,R$0.00,R$0.00,R$0.00,R$0.00,R$0.00,R$0.00,R$0.00,R$0.00,R$0.00,R$0.00,R$0.00,R$0.00,R$0.00,R$0.00,R$0.00,R$0.00,R$0.00,R$0.00,R$0.00,R$0.00,R$0.00,R$0.00,R$0.00,R$0.00,R$0.00,"R$13,631.49","R$111,151.44"
30-Nov/19,"R$129,132.67","R$4,349.74",,R$0.00,R$0.00,R$0.00,R$0.00,R$0.00,R$0.00,R$0.00,R$0.00,R$0.00,R$0.00,R$0.00,R$0.00,R$0.00,R$0.00,R$0.00,R$0.00,R$0.00,R$0.00,R$0.00,R$0.00,R$0.00,R$0.00,R$0.00,R$0.00,R$0.00,R$0.00,"R$4,189.71","R$124,942.96"
31-Dec/19,"R$138,863.86","R$9,731.19",,R$0.00,R$0.00,R$0.00,R$0.00,R$0.00,R$0.00,R$0.00,R$0.00,R$0.00,R$0.00,R$0.00,R$0.00,R$0.00,R$0.00,R$0.00,R$0.00,R$0.00,R$0.00,R$0.00,R$0.00,R$0.00,R$0.00,R$0.00,R$0.00,R$0.00,R$0.00,"R$1,510.96","R$137,352.90"
31-Jan/20,"R$141,535.88","R$2,672.02",,R$0.00,R$0.00,R$0.00,R$0.00,R$0.00,R$0.00,R$0.00,R$0.00,R$0.00,R$0.00,R$0.00,R$0.00,R$0.00,R$0.00,R$0.00,R$0.00,R$0.00,R$0.00,R$0.00,R$0.00,R$0.00,R$0.00,R$0.00,R$0.00,R$0.00,R$0.00,"R$1,582.43","R$139,953.45"
29-Feb/20,"R$142,726.89","R$1,191.01",,R$0.00,R$0.00,R$0.00,R$0.00,R$0.00,R$0.00,R$0.00,R$0.00,R$0.00,R$0.00,R$0.00,R$0.00,R$0.00,R$0.00,R$0.00,R$0.00,R$0.00,R$0.00,R$0.00,R$0.00,R$0.00,R$0.00,R$0.00,R$0.00,R$0.00,R$0.00,"R$1,088.93","R$141,637.96"
31-Mar/20,"R$109,190.62","-R$33,536.27",,R$0.00,R$0.00,R$0.00,R$0.00,R$0.00,R$0.00,R$0.00,R$0.00,R$0.00,R$0.00,R$0.00,R$0.00,R$0.00,R$0.00,R$0.00,R$0.00,R$0.00,R$0.00,R$0.00,R$0.00,R$0.00,R$0.00,R$0.00,R$0.00,R$0.00,R$0.00,R$315.16,"R$108,875.46"
30-Apr/20,"R$117,583.15","R$8,392.53",,R$0.00,R$0.00,R$0.00,R$0.00,R$0.00,R$0.00,R$0.00,R$0.00,R$0.00,R$0.00,R$0.00,R$0.00,R$0.00,R$0.00,R$0.00,R$0.00,R$0.00,R$0.00,R$0.00,R$0.00,R$0.00,R$0.00,R$0.00,R$0.00,R$0.00,R$0.00,R$376.28,"R$117,206.87"
31-May/20,"R$134,645.92","R$17,062.77",,R$0.00,R$0.00,R$0.00,R$0.00,R$0.00,R$0.00,R$0.00,R$0.00,R$0.00,R$0.00,R$0.00,R$0.00,R$0.00,R$0.00,R$0.00,R$0.00,R$0.00,R$0.00,R$0.00,R$0.00,R$0.00,R$0.00,R$0.00,R$0.00,R$0.00,R$0.00,R$765.36,"R$133,880.56"
30-Jun/20,"R$147,927.31","R$13,281.39",,R$0.00,R$0.00,R$0.00,R$0.00,R$0.00,R$0.00,R$0.00,R$0.00,R$0.00,R$0.00,R$0.00,R$0.00,R$0.00,R$0.00,R$0.00,R$0.00,R$0.00,R$0.00,R$0.00,R$0.00,R$0.00,R$0.00,R$0.00,R$0.00,R$0.00,R$0.00,R$766.80,"R$147,160.51"
31-Jul/20,"R$164,407.86","R$16,480.55",,R$0.00,R$0.00,R$0.00,R$0.00,R$0.00,R$0.00,R$0.00,R$0.00,R$0.00,R$0.00,R$0.00,R$0.00,R$0.00,R$0.00,R$0.00,R$0.00,R$0.00,R$0.00,R$0.00,R$0.00,R$0.00,R$0.00,R$0.00,R$0.00,R$0.00,R$0.00,R$738.08,"R$163,669.78"
31-Aug/20,"R$174,480.67","R$10,072.81",,R$0.00,R$0.00,R$0.00,R$0.00,R$0.00,R$0.00,R$0.00,R$0.00,R$0.00,R$0.00,R$0.00,R$0.00,R$0.00,R$0.00,R$0.00,R$0.00,R$0.00,R$0.00,R$0.00,R$0.00,R$0.00,R$0.00,R$0.00,R$0.00,R$0.00,R$0.00,"R$2,532.44","R$171,948.23"
30-Sep/20,"R$168,021.37","-R$6,459.30",,R$0.00,R$0.00,R$0.00,R$0.00,R$0.00,R$0.00,R$0.00,R$0.00,R$0.00,R$0.00,R$0.00,R$0.00,R$0.00,R$0.00,R$0.00,R$0.00,R$0.00,R$0.00,R$0.00,R$0.00,R$0.00,R$0.00,R$0.00,R$0.00,R$0.00,R$0.00,"R$3,118.00","R$164,903.37"
31-Oct/20,"R$174,724.64","R$6,703.27",,R$0.00,R$0.00,R$0.00,R$0.00,R$0.00,R$0.00,R$0.00,R$0.00,R$0.00,R$0.00,R$0.00,R$0.00,R$0.00,R$0.00,R$0.00,R$0.00,R$0.00,R$0.00,R$0.00,R$0.00,R$0.00,R$0.00,R$0.00,R$0.00,R$0.00,R$0.00,"R$3,122.18","R$171,602.46"
30-Nov/20,"R$187,138.30","R$12,413.66",,R$0.00,R$0.00,R$0.00,R$0.00,R$0.00,R$0.00,R$0.00,R$0.00,R$0.00,R$0.00,R$0.00,R$0.00,R$0.00,R$0.00,R$0.00,R$0.00,R$0.00,R$0.00,R$0.00,R$0.00,R$0.00,R$0.00,R$0.00,R$0.00,R$0.00,R$0.00,"R$6,876.76","R$180,261.54"
31-Dec/20,"R$200,898.74","R$13,760.44",,R$0.00,R$0.00,R$0.00,R$0.00,R$0.00,R$0.00,R$0.00,R$0.00,R$0.00,R$0.00,R$0.00,R$0.00,R$0.00,R$0.00,R$0.00,R$0.00,R$0.00,R$0.00,R$0.00,R$0.00,R$0.00,R$0.00,R$0.00,R$0.00,R$0.00,R$0.00,"R$5,804.70","R$195,094.04"
31-Jan/21,"R$202,780.05","R$1,881.31",,R$0.00,R$0.00,R$0.00,R$0.00,R$0.00,R$0.00,R$0.00,R$0.00,R$0.00,R$0.00,R$0.00,R$0.00,R$0.00,R$0.00,R$0.00,R$0.00,R$0.00,R$0.00,R$0.00,R$0.00,R$0.00,R$0.00,R$0.00,R$0.00,R$0.00,R$0.00,"R$2,792.84","R$199,987.21"
28-Feb/21,"R$210,021.05","R$7,241.00",,R$0.00,R$0.00,R$0.00,R$0.00,R$0.00,R$0.00,R$0.00,R$0.00,R$0.00,R$0.00,R$0.00,R$0.00,R$0.00,R$0.00,R$0.00,R$0.00,R$0.00,R$0.00,R$0.00,R$0.00,R$0.00,R$0.00,R$0.00,R$0.00,R$0.00,R$0.00,"R$4,672.60","R$205,348.45"
31-Mar/21,"R$218,224.26","R$8,203.21",,R$0.00,R$0.00,R$0.00,R$0.00,R$0.00,R$0.00,R$0.00,R$0.00,R$0.00,R$0.00,R$0.00,R$0.00,R$0.00,R$0.00,R$0.00,R$0.00,R$0.00,R$0.00,R$0.00,R$0.00,R$0.00,R$0.00,R$0.00,R$0.00,R$0.00,R$0.00,"R$5,648.03","R$212,576.23"
30-Apr/21,"R$227,686.32","R$9,462.06",,R$0.00,R$0.00,R$0.00,R$0.00,R$0.00,R$0.00,R$0.00,R$0.00,R$0.00,R$0.00,R$0.00,R$0.00,R$0.00,R$0.00,R$0.00,R$0.00,R$0.00,R$0.00,R$0.00,R$0.00,R$0.00,R$0.00,R$0.00,R$0.00,R$0.00,R$0.00,"R$2,228.94","R$225,457.38"
31-May/21,"R$230,359.18","R$2,672.86",,R$0.00,R$0.00,R$0.00,R$0.00,R$0.00,R$0.00,R$0.00,R$0.00,R$0.00,R$0.00,R$0.00,R$0.00,R$0.00,R$0.00,R$0.00,R$0.00,R$0.00,R$0.00,R$0.00,R$0.00,R$0.00,R$0.00,R$0.00,R$0.00,R$0.00,R$0.00,"R$2,103.52","R$228,255.66"
30-Jun/21,"R$237,262.16","R$6,902.98",,R$0.00,R$0.00,R$0.00,R$0.00,R$0.00,R$0.00,R$0.00,R$0.00,R$0.00,R$0.00,R$0.00,R$0.00,R$0.00,R$0.00,R$0.00,R$0.00,R$0.00,R$0.00,R$0.00,R$0.00,R$0.00,R$0.00,R$0.00,R$0.00,R$0.00,R$0.00,"R$2,281.12","R$234,981.04"
31-Jul/21,"R$240,270.26","R$3,008.10",,R$0.00,R$0.00,R$0.00,R$0.00,R$0.00,R$0.00,R$0.00,R$0.00,R$0.00,R$0.00,R$0.00,R$0.00,R$0.00,R$0.00,R$0.00,R$0.00,R$0.00,R$0.00,R$0.00,R$0.00,R$0.00,R$0.00,R$0.00,R$0.00,R$0.00,R$0.00,"R$2,158.51","R$238,111.75"
31-Aug/21,"R$247,822.72","R$7,552.46",,R$0.00,R$0.00,R$0.00,R$0.00,R$0.00,R$0.00,R$0.00,R$0.00,R$0.00,R$0.00,R$0.00,R$0.00,R$0.00,R$0.00,R$0.00,R$0.00,R$0.00,R$0.00,R$0.00,R$0.00,R$0.00,R$0.00,R$0.00,R$0.00,R$0.00,R$0.00,"R$14,455.36","R$233,367.36"
30-Sep/21,"R$258,005.57","R$10,182.85",,R$0.00,R$0.00,R$0.00,R$0.00,R$0.00,R$0.00,R$0.00,R$0.00,R$0.00,R$0.00,R$0.00,R$0.00,R$0.00,R$0.00,R$0.00,R$0.00,R$0.00,R$0.00,R$0.00,R$0.00,R$0.00,R$0.00,R$0.00,R$0.00,R$0.00,R$0.00,"R$14,322.11","R$243,683.46"
31-Oct/21,"R$258,260.40",R$254.83,,R$0.00,R$0.00,R$0.00,R$0.00,R$0.00,R$0.00,R$0.00,R$0.00,R$0.00,R$0.00,R$0.00,R$0.00,R$0.00,R$0.00,R$0.00,R$0.00,R$0.00,R$0.00,R$0.00,R$0.00,R$0.00,R$0.00,R$0.00,R$0.00,R$0.00,R$0.00,"R$11,659.21","R$246,601.19"
30-Nov/21,"R$269,979.97","R$11,719.57",,R$0.00,R$0.00,R$0.00,R$0.00,R$0.00,R$0.00,R$0.00,R$0.00,R$0.00,R$0.00,R$0.00,R$0.00,R$0.00,R$0.00,R$0.00,R$0.00,R$0.00,R$0.00,R$0.00,R$0.00,R$0.00,R$0.00,R$0.00,R$0.00,R$0.00,R$0.00,"R$11,038.42","R$258,941.55"
31-Dec/21,"R$290,540.53","R$20,560.56",,R$0.00,R$0.00,R$0.00,R$0.00,R$0.00,R$0.00,R$0.00,R$0.00,R$0.00,R$0.00,R$0.00,R$0.00,R$0.00,R$0.00,R$0.00,R$0.00,R$0.00,R$0.00,"R$6,006.62",R$0.00,"R$7,018.37",R$0.00,R$0.00,R$0.00,R$0.00,R$0.00,"R$8,563.66","R$268,951.88"
31-Jan/22,"R$289,443.87","-R$1,096.66",,R$0.00,R$0.00,R$0.00,R$0.00,R$0.00,R$0.00,R$0.00,R$0.00,R$0.00,R$0.00,R$0.00,R$0.00,R$0.00,R$0.00,R$0.00,R$0.00,R$0.00,R$0.00,"R$6,055.41",R$0.00,"R$16,380.49",R$0.00,R$0.00,R$0.00,R$0.00,R$0.00,"R$11,880.23","R$255,127.74"
28-Feb/22,"R$319,842.92","R$30,399.05",,R$0.00,R$0.00,R$0.00,R$0.00,R$0.00,R$0.00,R$0.00,R$0.00,R$0.00,R$0.00,R$0.00,R$0.00,R$0.00,R$0.00,R$0.00,R$0.00,R$0.00,R$0.00,"R$6,111.52",R$0.00,"R$16,501.23",R$0.00,R$0.00,R$0.00,R$0.00,R$0.00,"R$42,022.20","R$255,207.97"
31-Mar/22,"R$315,435.74","-R$4,407.18",,R$0.00,R$0.00,R$0.00,R$0.00,R$0.00,R$0.00,R$0.00,R$0.00,R$0.00,R$0.00,R$0.00,R$0.00,R$0.00,R$0.00,"R$10,000.00",R$0.00,R$0.00,R$0.00,"R$8,565.54",R$0.00,"R$16,666.69",R$0.00,R$0.00,R$0.00,R$0.00,R$0.00,"R$14,752.15","R$265,451.36"
30-Apr/22,"R$309,626.80","-R$5,808.94",,R$0.00,R$0.00,R$0.00,R$0.00,R$0.00,R$0.00,R$0.00,R$0.00,R$0.00,R$0.00,R$0.00,R$0.00,R$0.00,R$0.00,"R$9,149.98",R$0.00,R$0.00,R$0.00,"R$8,644.60",R$92.51,"R$16,818.90",R$0.00,R$0.00,R$0.00,R$0.00,R$0.00,"R$13,206.22","R$261,714.59"
31-May/22,"R$295,978.95","-R$13,647.85",,R$0.00,R$0.00,R$0.00,R$0.00,R$0.00,R$0.00,R$0.00,R$0.00,R$0.00,R$0.00,R$0.00,R$0.00,R$0.00,R$0.00,"R$9,803.64",R$0.00,R$0.00,R$0.00,"R$8,742.33",R$93.28,"R$16,995.95",R$0.00,R$0.00,R$0.00,R$0.00,R$0.00,"R$9,528.42","R$250,815.33"
30-Jun/22,"R$246,584.04","-R$49,394.91",,R$0.00,R$0.00,R$0.00,R$0.00,R$0.00,R$0.00,R$0.00,R$0.00,R$0.00,R$0.00,R$0.00,R$0.00,R$0.00,R$0.00,"R$8,752.76",R$0.00,R$0.00,R$0.00,"R$8,787.56",R$188.20,"R$17,044.33",R$0.00,R$0.00,R$0.00,R$0.00,R$0.00,"R$4,700.22","R$207,110.97"
31-Jul/22,"R$307,699.08","R$61,115.04",,"R$11,884.85",R$0.00,R$0.00,R$0.00,R$0.00,R$0.00,R$0.00,R$0.00,R$0.00,R$0.00,R$0.00,R$0.00,R$0.00,R$0.00,"R$8,928.93",R$0.00,R$0.00,R$0.00,"R$8,893.67",R$245.49,"R$17,187.91",R$0.00,R$0.00,R$0.00,R$0.00,R$0.00,"R$9,423.90","R$251,134.33"
31-Aug/22,"R$328,498.86","R$20,799.78",,"R$13,230.10",R$0.00,"R$1,703.85",R$585.91,R$0.00,R$0.00,R$0.00,R$0.00,R$0.00,R$0.00,R$0.00,R$0.00,R$0.00,R$0.00,"R$11,149.65",R$0.00,R$0.00,R$0.00,"R$9,004.41",R$306.88,"R$18,525.84",R$0.00,R$0.00,R$0.00,R$0.00,R$0.00,"R$13,398.61","R$260,593.61"
30-Sep/22,"R$329,735.38","R$1,236.52",,"R$13,114.23",R$0.00,"R$1,701.23",R$511.79,R$0.00,R$0.00,R$0.00,R$0.00,R$0.00,R$0.00,R$0.00,R$0.00,R$0.00,R$0.00,"R$10,919.48",R$0.00,R$0.00,R$0.00,"R$9,113.90",R$367.19,"R$18,725.20",R$0.00,R$0.00,R$0.00,R$0.00,R$0.00,"R$15,623.99","R$259,658.37"
31-Oct/22,"R$331,382.80","R$1,647.42",,"R$14,078.66",R$0.00,"R$1,766.26",R$575.02,R$0.00,R$0.00,R$0.00,R$0.00,R$0.00,R$0.00,R$0.00,R$0.00,R$0.00,R$0.00,"R$11,561.74",R$0.00,R$0.00,R$0.00,"R$9,596.20",R$60.30,"R$18,972.42",R$0.00,R$0.00,R$0.00,R$0.00,R$0.00,"R$10,683.22","R$264,088.98"
30-Nov/22,"R$309,964.39","-R$21,418.41",,"R$13,857.18",R$0.00,"R$1,451.60",R$476.49,R$0.00,R$0.00,R$0.00,R$0.00,R$0.00,R$0.00,R$0.00,R$0.00,R$0.00,R$0.00,"R$10,869.33",R$0.00,R$0.00,R$0.00,"R$9,697.74",R$132.63,"R$19,224.27",R$0.00,R$0.00,R$0.00,R$0.00,R$0.00,"R$38,774.28","R$215,480.87"
31-Dec/22,"R$330,375.77","R$20,411.38",,"R$13,797.25",R$0.00,"R$1,430.26",R$453.27,R$0.00,R$0.00,R$0.00,R$0.00,R$0.00,R$0.00,R$0.00,R$0.00,R$0.00,R$0.00,"R$10,670.22",R$0.00,R$0.00,R$0.00,"R$9,730.18",R$199.04,"R$19,304.91",R$0.00,R$0.00,R$0.00,R$0.00,R$0.00,"R$45,230.57","R$229,560.07"
31-Jan/23,"R$326,115.52","-R$4,260.25",,"R$14,459.85",R$0.00,"R$1,928.23",R$578.18,R$0.00,R$0.00,R$0.00,R$0.00,R$0.00,R$0.00,R$0.00,R$0.00,R$0.00,R$0.00,"R$10,467.01",R$0.00,R$0.00,R$0.00,"R$9,805.24",R$268.33,"R$19,428.81",R$0.00,R$0.00,R$0.00,R$0.00,R$0.00,"R$36,317.21","R$232,862.66"
28-Feb/23,"R$326,878.51",R$762.99,,"R$16,782.99",R$0.00,"R$2,000.17",R$614.21,R$0.00,R$0.00,R$0.00,R$0.00,R$0.00,R$0.00,R$0.00,R$0.00,R$0.00,R$0.00,"R$10,142.61",R$0.00,R$0.00,R$0.00,"R$9,789.63",R$338.15,"R$19,511.07",R$0.00,R$0.00,R$0.00,R$0.00,R$0.00,"R$41,625.11","R$226,074.57"
31-Mar/23,"R$344,244.85","R$17,366.34",,"R$16,736.41",R$0.00,"R$2,343.43",R$659.95,R$0.00,R$0.00,R$0.00,R$0.00,R$0.00,R$0.00,R$0.00,R$0.00,R$0.00,R$0.00,"R$10,107.46",R$0.00,R$0.00,R$0.00,"R$9,837.90",R$397.28,"R$19,600.62",R$0.00,R$0.00,R$0.00,R$0.00,R$0.00,"R$47,602.01","R$236,959.79"
30-Apr/23,"R$337,277.51","-R$6,967.34",,"R$16,965.41",R$0.00,"R$2,392.40",R$679.66,R$0.00,R$0.00,R$0.00,R$0.00,R$0.00,R$0.00,R$0.00,R$0.00,R$0.00,R$0.00,"R$10,353.27",R$0.00,R$0.00,R$0.00,"R$9,879.87",R$454.62,"R$19,802.06",R$0.00,R$0.00,R$0.00,R$0.00,R$0.00,"R$44,283.77","R$232,466.45"
31-May/23,"R$371,887.48","R$34,609.97",,"R$20,916.76","R$70,120.93","R$2,237.18",R$674.85,R$0.00,R$0.00,R$0.00,R$0.00,R$0.00,R$0.00,R$0.00,R$0.00,R$0.00,R$0.00,"R$11,800.24",R$0.00,R$0.00,R$0.00,"R$10,005.38",R$514.71,"R$19,954.40",R$0.00,R$0.00,R$0.00,R$0.00,R$0.00,"R$45,804.53","R$189,858.50"
30-Jun/23,"R$400,925.98","R$29,038.50",,"R$25,336.42","R$71,795.13","R$2,461.56",R$659.98,R$0.00,R$0.00,R$0.00,R$0.00,R$0.00,R$0.00,R$0.00,R$0.00,R$0.00,R$0.00,"R$12,819.95",R$0.00,R$0.00,R$0.00,"R$10,068.91",R$582.89,"R$19,995.01",R$0.00,R$0.00,R$0.00,R$0.00,R$0.00,"R$62,473.79","R$194,732.34"
31-Jul/23,"R$407,624.47","R$6,698.49",,"R$26,847.62","R$73,482.96","R$2,273.62",R$632.19,R$0.00,R$0.00,R$0.00,R$0.00,R$0.00,R$0.00,R$0.00,R$0.00,R$0.00,R$0.00,"R$14,272.53",R$0.00,R$0.00,R$0.00,"R$10,211.33",R$55.86,"R$20,247.07",R$0.00,R$0.00,R$0.00,R$0.00,R$0.00,"R$46,724.11","R$212,877.18"
31-Aug/23,"R$402,508.80","-R$5,115.67",,"R$30,025.25","R$62,552.82","R$2,148.66",R$591.89,R$0.00,R$0.00,R$0.00,R$0.00,R$0.00,R$0.00,R$0.00,R$0.00,R$0.00,R$0.00,"R$18,445.50",R$0.00,R$0.00,R$0.00,"R$10,369.80",R$118.30,"R$20,533.19",R$0.00,R$0.00,"R$5,037.59",R$0.00,R$0.00,"R$39,827.25","R$212,858.55"
30-Sep/23,"R$396,696.75","-R$5,812.05",,"R$30,869.60","R$61,347.73","R$2,192.20",R$669.98,R$0.00,R$0.00,R$0.00,R$0.00,R$0.00,R$0.00,R$0.00,R$0.00,"R$8,004.19",R$0.00,"R$23,077.81",R$0.00,R$0.00,R$0.00,"R$10,478.29",R$180.87,"R$20,818.08",R$0.00,R$0.00,"R$10,998.32",R$0.00,R$0.00,"R$28,358.96","R$199,700.72"
31-Oct/23,"R$394,132.65","-R$2,564.10",,"R$29,459.12","R$60,327.92","R$2,793.21",R$719.96,R$0.00,R$0.00,R$0.00,R$0.00,R$0.00,R$0.00,R$0.00,R$0.00,"R$8,092.86",R$0.00,"R$22,474.10",R$0.00,R$0.00,R$0.00,"R$10,584.39",R$240.84,"R$21,016.09",R$0.00,R$0.00,"R$11,042.57",R$0.00,R$0.00,"R$38,137.43","R$189,244.16"
30-Nov/23,"R$387,851.69","-R$6,280.96",,"R$31,693.72","R$63,458.68","R$3,390.70","R$1,020.25",R$0.00,R$0.00,R$0.00,R$0.00,R$0.00,R$0.00,R$0.00,R$0.00,"R$8,162.10",R$0.00,"R$25,445.77",R$0.00,R$0.00,R$0.00,"R$10,574.35",R$300.51,"R$20,901.12",R$0.00,R$0.00,"R$11,268.22","R$4,136.78",R$0.00,"R$31,018.31","R$176,481.18"
31-Dec/23,"R$383,091.33","-R$4,760.36",,"R$33,796.90","R$65,828.06","R$3,675.55","R$1,100.88",R$0.00,R$0.00,R$0.00,R$0.00,R$0.00,R$0.00,R$0.00,R$0.00,"R$8,268.21",R$0.00,"R$26,131.01",R$0.00,R$0.00,R$0.00,"R$10,628.60",R$303.12,"R$21,184.65",R$0.00,R$0.00,"R$11,429.07","R$4,572.47",R$0.00,"R$20,760.86","R$175,411.95"
31-Jan/24,"R$375,783.29","-R$7,308.04",,"R$33,822.12","R$70,925.36","R$3,748.82","R$1,122.81",R$0.00,R$0.00,R$0.00,R$0.00,R$0.00,R$0.00,R$0.00,R$0.00,"R$8,359.59",R$0.00,"R$25,597.37",R$0.00,R$0.00,R$0.00,"R$10,742.70",R$71.24,"R$21,444.89",R$0.00,R$0.00,"R$11,575.13","R$4,202.65",R$0.00,"R$9,279.20","R$174,891.41"
29-Feb/24,"R$376,620.46",R$837.17,,"R$33,695.75","R$71,353.20","R$5,696.46","R$1,823.83",R$0.00,R$0.00,R$0.00,R$0.00,R$0.00,R$0.00,R$0.00,R$0.00,"R$8,443.15",R$0.00,"R$34,958.92",R$0.00,"R$10,391.55",R$0.00,"R$10,863.92",R$54.91,"R$21,713.96","R$5,689.83",R$0.00,"R$11,861.46","R$8,553.23",R$0.00,"R$6,232.83","R$145,287.46"
31-Mar/24,"R$378,922.53","R$2,302.07",,"R$34,223.29","R$72,704.73","R$5,718.37","R$2,339.84",R$0.00,R$0.00,R$0.00,R$0.00,R$0.00,R$0.00,R$0.00,R$0.00,"R$8,536.47",R$0.00,"R$35,054.71",R$0.00,"R$10,612.00",R$0.00,"R$10,980.77",R$55.40,"R$21,971.45","R$5,791.43",R$0.00,"R$11,991.07","R$9,077.17",R$0.00,"R$18,248.36","R$131,617.47"
30-Apr/24,"R$366,115.76","-R$12,806.77",,"R$34,215.11","R$72,420.17","R$4,737.45","R$1,824.91",R$0.00,R$0.00,R$0.00,R$0.00,R$0.00,R$0.00,R$0.00,R$0.00,"R$8,630.82",R$0.00,"R$33,259.75",R$0.00,"R$10,409.81","R$7,500.00","R$11,091.60",R$161.07,"R$22,557.78","R$15,641.96","R$7,500.00","R$11,948.95","R$8,892.23",R$0.00,"R$11,328.77","R$103,995.38"
31-May/24,"R$360,363.76","-R$5,752.00",,"R$33,062.61","R$73,276.04","R$5,323.18","R$1,788.78",R$0.00,R$0.00,R$0.00,R$0.00,R$0.00,R$0.00,R$0.00,R$0.00,"R$8,726.21",R$0.00,"R$36,195.66",R$0.00,"R$11,101.33","R$7,559.10","R$11,098.42",R$62.00,"R$22,666.51","R$15,746.26","R$7,570.02","R$12,007.83","R$15,527.09",R$0.00,"R$14,435.51","R$84,217.21"
30-Jun/24,"R$356,254.75","-R$4,109.01",,"R$32,944.81","R$72,437.36","R$5,051.27","R$1,597.98",R$0.00,R$0.00,R$0.00,R$0.00,R$0.00,R$0.00,R$0.00,R$0.00,"R$8,822.66",R$0.00,"R$36,402.15",R$0.00,"R$12,204.71","R$7,633.38","R$11,200.21",R$161.27,"R$22,860.15","R$20,793.30","R$7,632.73","R$12,067.39","R$15,328.27",R$0.00,"R$10,331.12","R$78,785.99"
31-Jul/24,"R$355,711.94",-R$542.81,,"R$33,924.86","R$73,246.00","R$5,581.13","R$2,097.42",R$0.00,R$0.00,R$0.00,R$0.00,R$0.00,R$0.00,R$0.00,R$0.00,"R$8,924.85",R$0.00,"R$37,475.26",R$0.00,"R$14,410.28","R$7,722.01","R$11,324.35",R$228.27,"R$23,081.51","R$20,801.60","R$7,731.71","R$12,273.06","R$15,465.86",R$0.00,"R$13,806.94","R$67,616.83"
31-Aug/24,"R$357,273.34","R$1,561.40",,"R$35,357.63","R$74,810.37","R$5,074.03","R$1,658.60",R$0.00,R$0.00,R$0.00,R$0.00,R$0.00,R$0.00,R$0.00,R$0.00,"R$9,023.49",R$0.00,"R$40,263.29",R$0.00,"R$14,932.85","R$7,811.07","R$11,439.50",R$288.43,"R$23,284.26","R$21,074.53","R$7,838.89","R$12,491.76","R$16,486.23",R$0.00,"R$6,795.66","R$68,642.75"
30-Sep/24,"R$346,727.24","-R$10,546.10",,"R$34,081.88","R$73,585.22","R$5,167.90","R$1,731.34",R$0.00,R$0.00,R$0.00,R$0.00,R$0.00,R$0.00,R$0.00,R$0.00,"R$9,123.22",R$0.00,"R$38,249.77",R$0.00,"R$15,094.93","R$7,908.97","R$11,560.09",R$347.18,"R$23,539.10","R$20,985.15","R$7,927.19","R$12,536.77","R$16,252.63",R$0.00,"R$6,144.80","R$62,491.10"
31-Oct/24,"R$341,228.11","-R$5,499.14",,"R$31,733.76","R$70,204.52","R$6,001.02","R$2,023.64",R$0.00,R$138.27,R$71.56,R$133.85,R$57.22,R$191.47,R$149.11,R$115.94,"R$9,238.56",R$0.00,"R$34,679.36","R$20,137.75","R$20,609.98","R$7,991.94","R$11,665.24",R$404.78,"R$23,747.16","R$21,436.18","R$8,010.55","R$12,594.84","R$16,349.20",R$0.00,"R$1,364.19","R$42,178.01"
30-Nov/24,"R$337,019.91","-R$4,208.19",,"R$31,502.40","R$69,416.71","R$8,428.18","R$3,439.54",R$479.67,R$152.17,R$71.73,R$136.74,R$59.62,R$461.29,R$423.70,R$126.14,"R$9,330.89",R$0.00,"R$32,905.36","R$20,264.52","R$23,432.32","R$8,033.73","R$11,667.64",R$464.67,"R$23,836.72","R$21,131.67","R$10,404.45","R$12,624.83","R$14,831.29",R$0.00,"R$9,100.90","R$24,293.03"
31-Dec/24,"R$327,955.28","-R$9,064.63",,"R$30,429.81","R$62,771.89","R$11,951.38","R$1,706.11",R$607.17,R$142.10,R$72.44,R$135.10,R$56.96,R$439.36,R$428.78,R$123.77,"R$9,434.03","R$11,089.63","R$31,447.06","R$20,411.20","R$26,463.80","R$8,099.46","R$11,751.80",R$111.56,"R$23,977.64","R$21,612.43","R$10,434.48","R$12,424.65","R$14,703.09",R$0.00,"R$8,968.05","R$8,161.52"
01-Jan/25,"R$326,945.03","-R$1,010.25",,"R$30,429.81","R$62,018.59","R$11,748.16","R$1,649.38",R$602.72,R$142.10,R$72.32,R$134.48,R$56.90,R$437.13,R$425.87,R$123.46,"R$9,438.96","R$11,093.92","R$31,447.06","R$20,411.20","R$26,463.80","R$8,099.46","R$11,751.80",R$111.56,"R$23,977.64","R$21,612.43","R$10,434.48","R$12,424.65","R$14,703.09",R$0.00,"R$8,970.87","R$8,163.18"
02-Jan/25,"R$328,686.09","R$1,741.06",,"R$30,429.81","R$60,485.94","R$12,093.24","R$1,790.87",R$625.13,R$143.47,R$73.50,R$134.28,R$57.05,R$437.48,R$429.59,R$123.17,"R$9,438.96","R$11,093.92","R$31,444.55","R$20,420.88","R$26,178.37","R$8,103.58","R$11,743.63",R$111.60,"R$23,987.84","R$21,613.54","R$10,439.59","R$12,434.14","R$14,702.17",R$0.00,"R$11,981.81","R$8,167.98"
03-Jan/25,"R$329,183.33",R$497.24,,"R$30,533.65","R$60,949.32","R$12,292.52","R$1,867.40",R$675.10,R$143.86,R$72.39,R$133.58,R$57.25,R$437.48,R$429.48,R$122.99,"R$9,443.91","R$11,098.21","R$31,229.52","R$20,431.51","R$26,078.84","R$8,083.70","R$11,753.90",R$111.66,"R$23,996.27","R$21,537.78","R$10,433.47","R$12,421.12","R$14,679.32",R$0.00,"R$11,985.39","R$8,183.71"
04-Jan/25,"R$328,734.78",-R$448.55,,"R$30,277.56","R$61,161.02","R$12,093.24","R$1,858.51",R$739.32,R$143.80,R$72.33,R$133.64,R$57.19,R$437.79,R$428.56,R$122.93,"R$9,448.85","R$11,102.50","R$31,229.52","R$20,431.51","R$26,078.84","R$8,083.70","R$11,753.90",R$111.66,"R$23,996.27","R$21,537.78","R$10,433.47","R$12,421.12","R$14,679.32",R$0.00,"R$11,713.91","R$8,186.54"
05-Jan/25,"R$328,900.67",R$165.89,,"R$30,277.56","R$61,161.02","R$12,274.63","R$1,834.51",R$747.82,R$143.80,R$72.33,R$133.64,R$57.19,R$437.79,R$428.56,R$122.93,"R$9,448.85","R$11,102.50","R$31,229.52","R$20,431.51","R$26,078.84","R$8,083.70","R$11,753.90",R$111.66,"R$23,996.27","R$21,537.78","R$10,433.47","R$12,421.12","R$14,679.32",R$0.00,"R$11,713.91","R$8,186.54"
06-Jan/25,"R$328,605.61",-R$295.06,,"R$30,277.56","R$61,067.23","R$12,492.12","R$1,885.05",R$745.32,R$141.95,R$71.90,R$135.06,R$57.31,R$440.13,R$432.81,R$123.11,"R$9,448.85","R$11,102.50","R$30,684.28","R$20,431.51","R$26,506.73","R$8,095.79","R$11,753.90",R$111.73,"R$24,014.61","R$21,540.05","R$10,441.54","R$12,421.12","R$14,548.44",R$0.00,"R$11,445.76","R$8,189.25"
07-Jan/25,"R$327,589.11","-R$1,016.50",,"R$29,887.45","R$61,641.24","R$12,023.03","R$1,755.34",R$683.34,R$140.30,R$71.67,R$134.04,R$56.79,R$432.37,R$424.29,R$121.11,"R$9,453.80","R$11,106.80","R$31,289.84","R$20,449.31","R$26,578.09","R$8,102.04","R$10,813.88",R$111.81,"R$24,024.87","R$21,631.70","R$10,452.43","R$12,429.41","R$14,761.23",R$0.00,"R$10,813.88","R$8,199.05"
08-Jan/25,"R$328,345.78",R$756.67,,"R$30,751.75","R$61,242.94","R$11,118.16","R$2,152.69","R$1,235.71",R$141.27,R$72.72,R$134.46,R$57.51,R$435.46,R$424.24,R$122.20,"R$9,458.75","R$11,111.09","R$31,657.12","R$20,457.59","R$26,113.14","R$8,105.38","R$11,766.58",R$111.88,"R$24,042.72","R$21,647.05","R$10,457.73","R$12,429.20","R$14,829.27",R$0.00,"R$10,071.57","R$8,197.59"
09-Jan/25,"R$327,249.61","-R$1,096.17",,"R$30,396.70","R$61,386.32","R$10,861.99","R$2,059.90","R$1,257.62",R$140.29,R$72.22,R$133.53,R$57.11,R$432.44,R$421.30,R$121.35,"R$9,463.70","R$11,115.39","R$31,080.15","R$20,466.92","R$26,121.15","R$8,114.06","R$11,772.39",R$111.93,"R$24,055.97","R$21,694.08","R$10,462.91","R$12,443.17","R$14,725.95",R$0.00,"R$10,074.73","R$8,206.33"
10-Jan/25,"R$326,910.69",-R$338.92,,"R$30,396.70","R$61,134.77","R$11,086.44","R$2,067.44","R$1,367.82",R$139.72,R$73.03,R$132.34,R$56.87,R$426.77,R$415.56,R$119.66,"R$9,468.66","R$11,119.69","R$30,884.57","R$20,478.42","R$25,870.30","R$8,118.42","R$11,794.39",R$111.98,"R$24,067.99","R$21,649.97","R$10,467.77","R$12,448.92","R$14,731.56",R$0.00,"R$10,077.88","R$8,203.04"
11-Jan/25,"R$326,852.76",-R$57.93,,"R$30,396.70","R$61,134.78","R$11,094.33","R$2,068.28","R$1,301.15",R$139.72,R$73.03,R$132.34,R$56.87,R$426.77,R$415.56,R$119.66,"R$9,468.66","R$11,119.69","R$30,884.57","R$20,478.42","R$25,870.30","R$8,118.42","R$11,794.39",R$111.98,"R$24,067.99","R$21,649.97","R$10,467.77","R$12,448.92","R$14,731.56",R$0.00,"R$10,077.88","R$8,203.04"
12-Jan/25,"R$326,852.76",R$0.00,,"R$30,396.70","R$61,134.78","R$11,094.33","R$2,068.28","R$1,301.15",R$139.72,R$73.03,R$132.34,R$56.87,R$426.77,R$415.56,R$119.66,"R$9,468.66","R$11,119.69","R$30,884.57","R$20,478.42","R$25,870.30","R$8,118.42","R$11,794.39",R$111.98,"R$24,067.99","R$21,649.97","R$10,467.77","R$12,448.92","R$14,731.56",R$0.00,"R$10,077.88","R$8,203.04"
13-Jan/25,"R$325,035.05","-R$1,817.71",,"R$30,069.89","R$60,735.49","R$10,745.61","R$1,946.62","R$1,177.97",R$138.27,R$72.43,R$131.86,R$57.71,R$431.42,R$416.40,R$120.68,"R$9,473.61","R$11,123.99","R$30,529.46","R$20,488.46","R$25,717.81","R$8,122.80","R$11,794.94",R$112.03,"R$24,051.95","R$21,635.87","R$10,470.94","R$12,448.56","R$14,427.60",R$0.00,"R$10,387.25","R$8,205.43"
14-Jan/25,"R$325,194.66",R$159.61,,"R$30,071.38","R$60,512.11","R$11,224.85","R$2,038.70","R$1,202.56",R$139.35,R$72.19,R$131.76,R$56.78,R$432.24,R$413.19,R$120.54,"R$9,478.57","R$11,128.30","R$30,436.45","R$20,496.57","R$25,658.06","R$8,128.48","R$11,801.16",R$112.08,"R$24,055.08","R$21,593.50","R$10,473.12","R$12,449.86","R$14,363.74",R$0.00,"R$10,390.58","R$8,213.46"
15-Jan/25,"R$324,390.33",-R$804.33,,"R$30,147.91","R$61,278.68","R$11,455.99","R$2,200.46","R$1,224.91",R$140.48,R$72.51,R$132.57,R$56.69,R$434.91,R$417.04,R$121.35,"R$9,483.54","R$11,132.60","R$30,543.08","R$20,507.13","R$25,393.58","R$8,133.62","R$11,803.58",R$112.14,"R$24,069.41","R$21,676.89","R$10,478.59","R$12,459.39","R$14,426.85",R$0.00,"R$8,261.55","R$8,224.88"
16-Jan/25,"R$327,160.68","R$2,770.35",,"R$31,137.78","R$61,161.02","R$11,426.59","R$2,275.12","R$1,286.80",R$143.67,R$72.98,R$133.78,R$56.88,R$434.52,R$415.34,R$121.54,"R$9,488.50","R$11,136.91","R$31,463.14","R$20,517.39","R$25,787.20","R$8,145.03","R$11,809.48",R$112.19,"R$24,090.87","R$21,729.22","R$10,495.54","R$12,384.50","R$14,837.41",R$0.00,"R$13,744.57","R$2,752.72"
17-Jan/25,"R$327,366.81",R$206.13,,"R$30,668.62","R$61,199.07","R$11,080.49","R$2,349.29","R$1,249.06",R$145.02,R$73.09,R$134.96,R$57.09,R$442.89,R$420.58,R$122.96,"R$9,493.47","R$11,141.22","R$30,854.71","R$20,527.99","R$25,899.67","R$8,140.22","R$11,814.56",R$112.25,"R$24,099.59","R$21,733.44","R$10,502.95","R$12,467.63","R$14,578.45",R$0.00,"R$15,302.77","R$2,754.77"
18-Jan/25,"R$333,096.42","R$5,729.61",,"R$30,668.62","R$61,157.42","R$11,146.90","R$2,791.85","R$1,330.71",R$144.78,R$72.91,R$134.96,R$56.79,R$442.40,R$419.98,R$122.84,"R$9,498.44","R$11,145.53","R$30,854.71","R$20,527.99","R$25,899.67","R$8,140.22","R$11,814.56",R$112.25,"R$24,099.59","R$21,733.44","R$10,502.95","R$12,467.63","R$14,578.45",R$0.00,"R$15,307.22","R$7,923.62"
19-Jan/25,"R$331,047.18","-R$2,049.25",,"R$30,668.62","R$61,157.42","R$10,795.12","R$2,703.85","R$1,159.52",R$144.78,R$72.91,R$134.96,R$56.79,R$442.40,R$419.98,R$122.84,"R$9,498.44","R$11,145.53","R$30,854.71","R$20,527.99","R$25,899.67","R$8,140.22","R$11,814.56",R$112.25,"R$24,099.59","R$21,733.44","R$10,502.95","R$12,467.63","R$14,578.45",R$0.00,"R$13,869.61","R$7,922.95"
20-Jan/25,"R$331,047.18",R$0.00,,"R$30,668.62","R$61,157.42","R$10,795.12","R$2,703.85","R$1,159.52",R$144.78,R$72.91,R$134.96,R$56.79,R$442.40,R$419.98,R$122.84,"R$9,498.44","R$11,145.53","R$30,854.71","R$20,527.99","R$25,899.67","R$8,140.22","R$11,814.56",R$112.25,"R$24,099.59","R$21,733.44","R$10,502.95","R$12,467.63","R$14,578.45",R$0.00,"R$13,869.61","R$7,922.95"
21-Jan/25,"R$332,013.34",R$966.17,,"R$30,770.76","R$61,621.20","R$11,074.30","R$2,625.95","R$1,165.80",R$144.38,R$72.70,R$134.59,R$56.63,R$441.17,R$418.81,R$122.50,"R$9,503.41","R$11,149.84","R$31,221.29","R$20,537.99","R$26,079.69","R$8,143.62","R$11,820.12",R$112.30,"R$24,126.55","R$21,563.17","R$10,506.53","R$12,463.14","R$14,769.13",R$0.00,"R$13,446.57","R$7,921.32"
22-Jan/25,"R$332,507.22",R$493.88,,"R$30,851.52","R$61,364.45","R$10,853.60","R$2,817.46","R$1,159.83",R$141.59,R$73.27,R$135.69,R$56.68,R$438.32,R$421.26,R$122.14,"R$9,508.39","R$11,154.15","R$31,429.08","R$20,559.75","R$26,386.20","R$8,153.38","R$11,829.42",R$112.40,"R$24,143.84","R$21,568.75","R$10,518.50","R$12,437.46","R$14,884.17",R$0.00,"R$13,450.55","R$7,935.37"
23-Jan/25,"R$333,347.90",R$840.68,,"R$30,901.21","R$61,041.09","R$10,972.25","R$2,743.41","R$1,120.22",R$141.65,R$72.82,R$136.31,R$57.20,R$439.39,R$420.38,R$122.35,"R$9,513.37","R$11,158.47","R$31,448.09","R$20,572.03","R$26,282.53","R$8,156.88","R$11,835.55",R$112.45,"R$24,164.91","R$21,646.27","R$10,521.18","R$12,458.14","R$14,915.07",R$0.00,"R$14,454.53","R$7,940.15"
24-Jan/25,"R$333,334.81",-R$13.08,,"R$30,901.21","R$61,041.09","R$10,972.25","R$2,743.41","R$1,120.22",R$140.52,R$72.23,R$135.22,R$56.74,R$435.88,R$417.03,R$121.37,"R$9,513.37","R$11,158.47","R$31,448.09","R$20,572.03","R$26,282.53","R$8,156.88","R$11,835.55",R$112.45,"R$24,164.91","R$21,646.27","R$10,521.18","R$12,458.14","R$14,915.07",R$0.00,"R$14,454.53","R$7,938.16"
25-Jan/25,"R$327,115.95","-R$6,218.86",,"R$30,521.93","R$60,722.28","R$10,917.56","R$2,763.13","R$1,069.78",R$141.99,R$72.71,R$135.75,R$56.86,R$435.47,R$420.98,R$121.31,"R$9,518.35","R$11,162.78","R$31,210.31","R$20,581.90","R$26,333.67","R$8,160.72","R$11,840.45",R$112.50,"R$24,175.66","R$21,586.58","R$10,522.92","R$12,448.71","R$14,875.14",R$0.00,"R$14,451.52","R$2,754.99"
26-Jan/25,"R$332,241.48","R$5,125.53",,"R$30,521.93","R$60,722.28","R$10,899.80","R$2,739.52","R$1,059.41",R$141.99,R$72.71,R$135.75,R$56.86,R$435.47,R$420.98,R$121.31,"R$9,518.35","R$11,162.78","R$31,210.31","R$20,581.90","R$26,333.67","R$8,160.72","R$11,840.45",R$112.50,"R$24,175.66","R$21,586.58","R$10,522.92","R$12,448.71","R$14,875.14",R$0.00,"R$14,451.52","R$7,932.26"
27-Jan/25,"R$330,942.29","-R$1,299.19",,"R$30,521.93","R$60,034.59","R$10,568.77","R$2,507.40",R$982.41,R$136.85,R$72.36,R$136.85,R$58.02,R$437.09,R$426.06,R$121.20,"R$9,523.33","R$11,167.10","R$31,215.68","R$20,581.90","R$26,234.14","R$8,166.95","R$11,846.59",R$112.55,"R$24,194.60","R$21,569.53","R$10,528.82","R$12,469.16","R$14,950.67",R$0.00,"R$14,448.40","R$7,929.35"
28-Jan/25,"R$331,660.10",R$717.81,,"R$31,125.92","R$59,675.54","R$10,394.06","R$2,413.09",R$934.94,R$136.76,R$72.54,R$135.70,R$57.69,R$434.21,R$425.02,R$120.79,"R$9,528.32","R$11,171.42","R$32,158.56","R$20,602.93","R$25,656.05","R$8,170.27","R$11,852.18",R$112.60,"R$24,205.38","R$21,730.75","R$10,531.11","R$12,463.80","R$15,167.05",R$0.00,"R$14,452.63","R$7,930.79"
29-Jan/25,"R$331,303.87",-R$356.23,,"R$30,719.49","R$59,487.40","R$10,561.88","R$2,456.11",R$955.23,R$136.22,R$71.89,R$135.05,R$57.07,R$431.11,R$424.54,R$119.88,"R$9,533.31","R$11,175.74","R$31,886.84","R$20,612.89","R$25,973.06","R$8,174.79","R$11,857.60",R$112.66,"R$24,223.97","R$21,742.83","R$10,536.14","R$12,481.02","R$15,066.05",R$0.00,"R$14,436.67","R$7,934.44"
30-Jan/25,"R$332,154.67",R$850.80,,"R$30,780.57","R$60,326.66","R$10,714.53","R$2,509.58","R$1,052.36",R$140.13,R$73.46,R$137.35,R$58.12,R$438.55,R$428.10,R$120.71,"R$9,538.30","R$11,180.07","R$31,693.08","R$20,623.41","R$25,721.53","R$8,172.16","R$11,863.72",R$112.70,"R$24,234.57","R$21,774.66","R$10,540.51","R$12,488.02","R$15,044.27",R$0.00,"R$14,441.23","R$7,946.33"
31-Jan/25,"R$333,750.07","R$1,595.40",,"R$31,557.46","R$59,592.41","R$10,680.09","R$2,506.11","R$1,042.78",R$137.63,R$72.75,R$134.72,R$57.19,R$430.22,R$424.45,R$120.03,"R$9,543.29","R$11,184.73","R$32,634.85","R$20,632.96","R$25,870.81","R$8,172.04","R$11,872.66",R$112.76,"R$24,245.87","R$21,837.42","R$10,535.48","R$12,532.99","R$15,410.56",R$0.00,"R$14,445.80","R$7,962.01"
01-Feb/25,"R$334,760.17","R$1,010.10",,"R$31,557.46","R$60,629.47","R$10,712.76","R$2,488.03",R$984.83,R$137.63,R$72.75,R$134.72,R$57.19,R$430.22,R$424.45,R$120.03,"R$9,548.29","R$11,189.39","R$32,634.85","R$20,632.96","R$25,870.81","R$8,172.04","R$11,872.66",R$112.76,"R$24,245.87","R$21,837.42","R$10,535.48","R$12,532.99","R$15,410.56",R$0.00,"R$14,450.36","R$7,964.19"
02-Feb/25,"R$332,962.03","-R$1,798.14",,"R$31,557.46","R$60,629.47","R$9,617.32","R$2,051.05",R$714.54,R$137.63,R$72.75,R$134.72,R$57.19,R$430.22,R$424.45,R$120.03,"R$9,548.29","R$11,189.39","R$32,634.85","R$20,632.96","R$25,870.81","R$8,172.04","R$11,872.66",R$112.76,"R$24,245.87","R$21,837.42","R$10,535.48","R$12,532.99","R$15,410.56",R$0.00,"R$14,454.93","R$7,964.19"
03-Feb/25,"R$333,738.70",R$776.67,,"R$31,557.46","R$59,792.97","R$11,454.05","R$2,209.60",R$934.25,R$138.84,R$73.70,R$133.68,R$57.98,R$431.89,R$429.84,R$120.59,"R$9,548.29","R$11,189.39","R$32,261.36","R$20,632.96","R$25,607.98","R$8,180.34","R$11,879.24",R$112.82,"R$24,257.67","R$21,870.91","R$10,535.48","R$12,531.27","R$15,376.61",R$0.00,"R$14,459.50","R$7,960.04"
04-Feb/25,"R$332,447.17","-R$1,291.53",,"R$31,002.29","R$59,120.91","R$11,182.43","R$2,258.93",R$960.82,R$136.46,R$73.33,R$133.45,R$56.88,R$426.99,R$426.47,R$119.20,"R$9,553.29","R$11,194.05","R$32,501.92","R$20,656.77","R$25,302.48","R$8,194.10","R$11,885.16",R$112.87,"R$24,263.50","R$21,929.12","R$10,556.02","R$12,555.52","R$15,421.45",R$0.00,"R$14,455.75","R$7,967.00"
05-Feb/25,"R$331,171.84","-R$1,275.33",,"R$31,023.82","R$58,776.97","R$10,831.69","R$2,065.81",R$838.80,R$137.79,R$73.94,R$135.06,R$57.59,R$430.00,R$422.87,R$120.33,"R$9,558.29","R$11,198.72","R$32,258.60","R$20,666.12","R$25,210.62","R$8,198.63","R$11,891.79",R$112.93,"R$24,277.56","R$22,006.06","R$10,560.35","R$12,557.91","R$15,326.81",R$0.00,"R$14,460.31","R$7,972.48"
06-Feb/25,"R$317,699.04","-R$13,472.80",,"R$30,820.95","R$58,309.61","R$10,923.20","R$2,039.26",R$789.36,R$137.34,R$73.59,R$135.48,R$56.87,R$428.96,R$423.87,R$119.81,"R$9,563.29","R$11,203.39","R$31,861.18","R$20,677.38","R$25,444.91","R$8,200.63","R$11,896.91",R$112.98,"R$24,294.65","R$21,886.26","R$10,566.69","R$12,554.31","R$15,332.59",R$0.00,"R$1,878.86","R$7,966.72"
07-Feb/25,"R$315,358.09","-R$2,340.95",,"R$31,238.14","R$57,892.42","R$10,758.56","R$2,023.21",R$753.36,R$136.28,R$73.32,R$133.58,R$56.34,R$424.09,R$420.58,R$118.21,"R$9,568.30","R$11,208.06","R$32,046.35","R$20,687.32","R$25,388.91","R$8,207.10","R$11,901.56",R$175.89,"R$24,310.32","R$21,950.74","R$10,572.00","R$12,570.05","R$15,428.87",R$0.00,"R$1,879.60","R$5,434.92"
08-Feb/25,"R$315,358.09",R$0.00,,"R$31,238.14","R$57,892.42","R$10,758.56","R$2,023.21",R$753.36,R$136.28,R$73.32,R$133.58,R$56.34,R$424.09,R$420.58,R$118.21,"R$9,568.30","R$11,208.06","R$32,046.35","R$20,687.32","R$25,388.91","R$8,207.10","R$11,901.56",R$175.89,"R$24,310.32","R$21,950.74","R$10,572.00","R$12,570.05","R$15,428.87",R$0.00,"R$1,879.60","R$5,434.92"
09-Feb/25,"R$318,885.62","R$3,527.53",,"R$31,238.14","R$58,717.26","R$10,837.43","R$2,101.33",R$768.54,R$136.28,R$73.32,R$133.58,R$56.34,R$424.09,R$420.58,R$118.21,"R$9,573.31","R$11,212.73","R$32,046.35","R$20,687.32","R$25,388.91","R$8,207.10","R$11,901.56",R$175.89,"R$24,310.32","R$21,950.74","R$10,572.00","R$12,570.05","R$15,428.87","R$2,524.50","R$1,873.70","R$5,437.16"
10-Feb/25,"R$318,614.80",-R$270.82,,"R$30,825.00","R$59,123.58","R$10,974.44","R$2,120.76",R$818.06,R$138.38,R$74.85,R$135.03,R$56.53,R$426.93,R$424.38,R$119.53,"R$9,573.31","R$11,212.73","R$31,673.01","R$20,697.89","R$25,385.78","R$8,202.96","R$11,907.45",R$175.97,"R$24,328.79","R$21,916.94","R$10,571.70","R$12,569.59","R$15,322.71","R$2,525.65","R$1,874.42","R$5,438.43"
11-Feb/25,"R$318,616.10",R$1.30,,"R$30,825.00","R$59,123.58","R$10,974.44","R$2,120.76",R$818.06,R$138.33,R$74.83,R$134.98,R$56.51,R$426.78,R$424.24,R$119.49,"R$9,573.31","R$11,212.73","R$31,673.01","R$20,697.89","R$25,385.78","R$8,202.96","R$11,907.45",R$175.97,"R$24,328.79","R$21,916.94","R$10,571.70","R$12,569.59","R$15,322.71","R$2,526.79","R$1,875.14","R$5,438.34"
12-Feb/25,"R$320,093.37","R$1,477.28",,"R$31,311.63","R$59,188.24","R$10,860.83","R$2,032.02",R$887.60,R$138.67,R$74.55,R$136.88,R$56.20,R$424.94,R$424.77,R$119.39,"R$9,583.34","R$11,222.08","R$32,378.45","R$20,720.14","R$25,451.52","R$8,222.82","R$11,921.48",R$176.16,"R$24,366.57","R$21,981.65","R$10,585.06","R$12,603.57","R$15,621.27","R$2,527.94","R$1,642.08","R$5,433.53"
13-Feb/25,"R$318,604.35","-R$1,489.03",,"R$30,773.68","R$59,314.04","R$10,691.09","R$2,010.79",R$873.99,R$139.14,R$216.28,R$138.39,R$56.63,R$428.63,R$428.05,R$120.24,"R$9,588.35","R$11,226.76","R$31,836.34","R$20,731.84","R$25,373.12","R$8,229.80","R$11,927.94",R$176.26,"R$24,376.92","R$21,850.02","R$10,594.34","R$12,583.95","R$15,445.88","R$2,529.09","R$6,839.77",R$103.03
14-Feb/25,"R$322,064.68","R$3,460.33",,"R$30,650.11","R$59,889.94","R$10,677.26","R$2,067.65",R$875.66,R$137.35,R$211.07,R$137.69,R$55.50,R$424.82,R$430.15,R$118.91,"R$9,593.37","R$11,231.44","R$32,034.71","R$20,741.36","R$25,636.78","R$8,227.27","R$11,933.12",R$176.35,"R$24,395.08","R$21,912.46","R$10,598.69","R$12,602.20","R$15,632.82","R$2,530.23","R$9,043.25",R$99.43
15-Feb/25,"R$322,064.68",R$0.00,,"R$30,650.11","R$59,889.94","R$10,677.26","R$2,067.65",R$875.66,R$137.35,R$211.07,R$137.69,R$55.50,R$424.82,R$430.15,R$118.91,"R$9,593.37","R$11,231.44","R$32,034.71","R$20,741.36","R$25,636.78","R$8,227.27","R$11,933.12",R$176.35,"R$24,395.08","R$21,912.46","R$10,598.69","R$12,602.20","R$15,632.82","R$2,530.23","R$9,043.25",R$99.43
16-Feb/25,"R$322,064.68",R$0.00,,"R$30,650.11","R$59,889.94","R$10,677.26","R$2,067.65",R$875.66,R$137.35,R$211.07,R$137.69,R$55.50,R$424.82,R$430.15,R$118.91,"R$9,593.37","R$11,231.44","R$32,034.71","R$20,741.36","R$25,636.78","R$8,227.27","R$11,933.12",R$176.35,"R$24,395.08","R$21,912.46","R$10,598.69","R$12,602.20","R$15,632.82","R$2,530.23","R$9,043.25",R$99.43
17-Feb/25,"R$322,620.14",R$555.47,,"R$30,650.11","R$59,882.60","R$10,666.21","R$1,904.47",R$821.56,R$136.87,R$210.75,R$137.15,R$55.27,R$423.45,R$427.79,R$118.48,"R$9,598.40","R$11,236.12","R$33,020.76","R$20,741.36","R$25,378.63","R$8,227.27","R$11,933.12",R$176.44,"R$24,410.89","R$21,939.99","R$10,598.69","R$12,602.20","R$15,632.82","R$2,533.68","R$9,050.87",R$99.43
18-Feb/25,"R$322,672.64",R$52.50,,"R$31,676.80","R$60,257.27","R$10,489.58","R$1,323.73",R$752.47,R$137.93,R$213.82,R$137.82,R$55.04,R$425.08,R$424.90,R$118.50,"R$9,603.42","R$11,240.80","R$33,132.67","R$20,763.02","R$25,365.73","R$8,234.85","R$11,946.64",R$176.53,"R$24,428.21","R$22,094.67","R$10,614.25","R$12,647.70","R$16,168.04","R$2,534.83","R$7,608.47",R$99.87
19-Feb/25,"R$322,490.05",-R$182.59,,"R$31,585.43","R$60,456.97","R$10,639.41","R$1,336.07",R$788.53,R$138.54,R$214.05,R$136.31,R$55.60,R$426.97,R$426.34,R$119.07,"R$9,608.45","R$11,245.49","R$32,709.09","R$20,773.52","R$25,247.31","R$8,236.99","R$11,952.89",R$176.61,"R$24,444.70","R$22,114.06","R$10,620.31","R$12,659.15","R$16,133.41","R$2,535.98","R$7,611.89",R$96.92
20-Feb/25,"R$322,042.69",-R$447.36,,"R$31,157.53","R$60,585.02","R$10,815.28","R$1,356.53",R$858.60,R$138.26,R$214.43,R$136.77,R$55.93,R$423.09,R$421.73,R$118.53,"R$9,613.48","R$11,250.17","R$32,217.58","R$20,785.21","R$25,454.07","R$8,244.99","R$11,959.23",R$176.70,"R$24,456.71","R$22,070.96","R$10,626.58","R$12,673.88","R$15,981.87","R$2,538.28","R$7,615.28",R$96.01
21-Feb/25,"R$322,054.06",R$11.36,,"R$31,395.58","R$60,991.57","R$10,664.40","R$1,348.34",R$825.76,R$138.73,R$214.06,R$136.45,R$55.82,R$418.93,R$417.96,R$117.24,"R$9,618.52","R$11,254.86","R$31,909.72","R$20,795.07","R$25,206.34","R$8,246.66","R$11,964.35",R$176.78,"R$24,469.15","R$22,038.26","R$10,631.05","R$12,686.81","R$16,083.25","R$2,538.28","R$7,617.91",R$92.20
22-Feb/25,"R$322,152.31",R$98.25,,"R$31,395.58","R$60,991.57","R$10,712.01","R$1,366.81",R$845.58,R$138.73,R$214.06,R$136.45,R$55.82,R$418.93,R$417.96,R$117.24,"R$9,623.55","R$11,259.55","R$31,909.72","R$20,795.07","R$25,206.34","R$8,246.66","R$11,964.35",R$176.78,"R$24,469.15","R$22,038.26","R$10,631.05","R$12,686.81","R$16,083.25","R$2,538.28","R$7,620.54",R$92.20
23-Feb/25,"R$321,946.87",-R$205.44,,"R$31,395.58","R$60,991.57","R$10,572.77","R$1,317.72",R$823.53,R$138.73,R$214.06,R$136.45,R$55.82,R$418.93,R$417.96,R$117.24,"R$9,623.55","R$11,259.55","R$31,909.72","R$20,795.07","R$25,206.34","R$8,246.66","R$11,964.35",R$176.78,"R$24,469.15","R$22,038.26","R$10,631.05","R$12,686.81","R$16,083.25","R$2,540.58","R$7,623.18",R$92.20
24-Feb/25,"R$320,832.19","-R$1,114.68",,"R$31,070.90","R$61,209.16","R$10,274.50","R$1,126.29",R$711.86,R$138.61,R$216.13,R$137.06,R$56.51,R$421.15,R$420.40,R$117.48,"R$9,623.55","R$11,259.55","R$31,795.31","R$20,806.89","R$24,784.59","R$8,253.94","R$11,971.17",R$176.86,"R$24,483.20","R$22,076.11","R$10,638.08","R$12,702.21","R$16,101.60","R$2,541.73","R$7,625.81",R$90.86
25-Feb/25,"R$319,118.97","-R$1,713.22",,"R$30,685.36","R$61,323.91","R$9,716.97","R$1,132.34",R$704.71,R$138.60,R$214.45,R$139.41,R$57.14,R$424.17,R$418.68,R$118.67,"R$9,628.59","R$11,264.25","R$31,308.03","R$20,817.43","R$24,729.60","R$8,260.20","R$11,979.63",R$176.95,"R$24,468.71","R$22,023.01","R$10,644.05","R$12,703.64","R$15,869.15","R$2,542.89","R$7,628.44",R$0.00
26-Feb/25,"R$318,664.92",-R$454.05,,"R$30,735.28","R$61,060.96","R$9,556.91","R$1,096.95",R$730.91,R$139.64,R$215.47,R$139.93,R$55.33,R$423.72,R$417.19,R$118.51,"R$9,633.63","R$11,268.94","R$31,386.74","R$20,828.86","R$24,467.64","R$8,268.99","R$11,986.03",R$177.04,"R$24,507.49","R$21,952.26","R$10,649.25","R$12,748.73","R$15,943.42","R$2,544.04","R$7,611.07",R$0.00
27-Feb/25,"R$317,814.73",-R$850.19,,"R$30,548.62","R$60,920.46","R$9,530.86","R$1,096.61",R$706.46,R$137.70,R$213.97,R$139.15,R$57.29,R$425.89,R$416.52,R$118.71,"R$9,638.67","R$11,273.64","R$30,886.86","R$20,840.00","R$24,897.36","R$8,272.02","R$11,991.25",R$177.12,"R$24,516.94","R$21,934.86","R$10,655.56","R$12,737.82","R$15,796.57","R$2,545.20","R$7,338.62",R$0.00
28-Feb/25,"R$318,894.78","R$1,080.05",,"R$30,630.04","R$61,643.21","R$9,633.35","R$1,188.16",R$726.87,R$140.47,R$213.52,R$140.53,R$58.25,R$433.70,R$424.75,R$121.00,"R$9,643.72","R$11,278.34","R$31,153.49","R$20,850.81","R$24,474.04","R$8,284.69","R$11,997.47",R$177.21,"R$24,530.15","R$21,946.93","R$10,662.69","R$12,756.50","R$15,897.35","R$2,546.35","R$7,341.18",R$0.00
01-Mar/25,"R$319,066.52",R$171.74,,"R$30,630.04","R$61,643.21","R$9,832.60","R$1,166.17",R$721.35,R$140.47,R$213.52,R$140.53,R$58.25,R$433.70,R$424.75,R$121.00,"R$9,643.72","R$11,278.34","R$31,153.49","R$20,850.81","R$24,474.04","R$8,284.69","R$11,997.47",R$177.21,"R$24,530.15","R$21,946.93","R$10,662.69","R$12,756.50","R$15,897.35","R$2,546.35","R$7,341.18",R$0.00
02-Mar/25,"R$320,376.04","R$1,309.52",,"R$30,630.04","R$61,660.31","R$10,750.64","R$1,097.32",R$824.42,R$140.36,R$213.58,R$140.53,R$58.25,R$433.41,R$424.46,R$120.88,"R$9,648.77","R$11,283.04","R$31,153.49","R$20,850.81","R$24,474.04","R$8,284.69","R$11,997.47",R$177.21,"R$24,530.15","R$21,946.93","R$10,662.69","R$12,756.50","R$15,897.35","R$2,548.66","R$7,670.04",R$0.00
03-Mar/25,,,,,,,,,,,,,,,,,,,,,,,,,,,,,,,
04-Mar/25,,,,,,,,,,,,,,,,,,,,,,,,,,,,,,,
05-Mar/25,,,,,,,,,,,,,,,,,,,,,,,,,,,,,,,
06-Mar/25,,,,,,,,,,,,,,,,,,,,,,,,,,,,,,,
07-Mar/25,,,,,,,,,,,,,,,,,,,,,,,,,,,,,,,
08-Mar/25,,,,,,,,,,,,,,,,,,,,,,,,,,,,,,,
09-Mar/25,,,,,,,,,,,,,,,,,,,,,,,,,,,,,,,
10-Mar/25,,,,,,,,,,,,,,,,,,,,,,,,,,,,,,,
11-Mar/25,,,,,,,,,,,,,,,,,,,,,,,,,,,,,,,
12-Mar/25,,,,,,,,,,,,,,,,,,,,,,,,,,,,,,,
13-Mar/25,,,,,,,,,,,,,,,,,,,,,,,,,,,,,,,
14-Mar/25,,,,,,,,,,,,,,,,,,,,,,,,,,,,,,,
15-Mar/25,,,,,,,,,,,,,,,,,,,,,,,,,,,,,,,
16-Mar/25,,,,,,,,,,,,,,,,,,,,,,,,,,,,,,,
17-Mar/25,,,,,,,,,,,,,,,,,,,,,,,,,,,,,,,
18-Mar/25,,,,,,,,,,,,,,,,,,,,,,,,,,,,,,,
19-Mar/25,,,,,,,,,,,,,,,,,,,,,,,,,,,,,,,
20-Mar/25,,,,,,,,,,,,,,,,,,,,,,,,,,,,,,,
21-Mar/25,,,,,,,,,,,,,,,,,,,,,,,,,,,,,,,
22-Mar/25,,,,,,,,,,,,,,,,,,,,,,,,,,,,,,,
23-Mar/25,,,,,,,,,,,,,,,,,,,,,,,,,,,,,,,
24-Mar/25,,,,,,,,,,,,,,,,,,,,,,,,,,,,,,,
25-Mar/25,,,,,,,,,,,,,,,,,,,,,,,,,,,,,,,
26-Mar/25,,,,,,,,,,,,,,,,,,,,,,,,,,,,,,,
27-Mar/25,,,,,,,,,,,,,,,,,,,,,,,,,,,,,,,
28-Mar/25,,,,,,,,,,,,,,,,,,,,,,,,,,,,,,,
29-Mar/25,,,,,,,,,,,,,,,,,,,,,,,,,,,,,,,
30-Mar/25,,,,,,,,,,,,,,,,,,,,,,,,,,,,,,,
31-Mar/25,,,,,,,,,,,,,,,,,,,,,,,,,,,,,,,
01-Apr/25,,,,,,,,,,,,,,,,,,,,,,,,,,,,,,,
02-Apr/25,,,,,,,,,,,,,,,,,,,,,,,,,,,,,,,
03-Apr/25,,,,,,,,,,,,,,,,,,,,,,,,,,,,,,,
04-Apr/25,,,,,,,,,,,,,,,,,,,,,,,,,,,,,,,
05-Apr/25,,,,,,,,,,,,,,,,,,,,,,,,,,,,,,,
06-Apr/25,,,,,,,,,,,,,,,,,,,,,,,,,,,,,,,
07-Apr/25,,,,,,,,,,,,,,,,,,,,,,,,,,,,,,,
08-Apr/25,,,,,,,,,,,,,,,,,,,,,,,,,,,,,,,
09-Apr/25,,,,,,,,,,,,,,,,,,,,,,,,,,,,,,,
10-Apr/25,,,,,,,,,,,,,,,,,,,,,,,,,,,,,,,
11-Apr/25,,,,,,,,,,,,,,,,,,,,,,,,,,,,,,,
12-Apr/25,,,,,,,,,,,,,,,,,,,,,,,,,,,,,,,
13-Apr/25,,,,,,,,,,,,,,,,,,,,,,,,,,,,,,,
14-Apr/25,,,,,,,,,,,,,,,,,,,,,,,,,,,,,,,
15-Apr/25,,,,,,,,,,,,,,,,,,,,,,,,,,,,,,,
16-Apr/25,,,,,,,,,,,,,,,,,,,,,,,,,,,,,,,
17-Apr/25,,,,,,,,,,,,,,,,,,,,,,,,,,,,,,,
18-Apr/25,,,,,,,,,,,,,,,,,,,,,,,,,,,,,,,
19-Apr/25,,,,,,,,,,,,,,,,,,,,,,,,,,,,,,,
20-Apr/25,,,,,,,,,,,,,,,,,,,,,,,,,,,,,,,
21-Apr/25,,,,,,,,,,,,,,,,,,,,,,,,,,,,,,,
22-Apr/25,,,,,,,,,,,,,,,,,,,,,,,,,,,,,,,
23-Apr/25,,,,,,,,,,,,,,,,,,,,,,,,,,,,,,,
24-Apr/25,,,,,,,,,,,,,,,,,,,,,,,,,,,,,,,
25-Apr/25,,,,,,,,,,,,,,,,,,,,,,,,,,,,,,,
26-Apr/25,,,,,,,,,,,,,,,,,,,,,,,,,,,,,,,
27-Apr/25,,,,,,,,,,,,,,,,,,,,,,,,,,,,,,,
28-Apr/25,,,,,,,,,,,,,,,,,,,,,,,,,,,,,,,
29-Apr/25,,,,,,,,,,,,,,,,,,,,,,,,,,,,,,,
30-Apr/25,,,,,,,,,,,,,,,,,,,,,,,,,,,,,,,
01-May/25,,,,,,,,,,,,,,,,,,,,,,,,,,,,,,,
02-May/25,,,,,,,,,,,,,,,,,,,,,,,,,,,,,,,
03-May/25,,,,,,,,,,,,,,,,,,,,,,,,,,,,,,,
04-May/25,,,,,,,,,,,,,,,,,,,,,,,,,,,,,,,
05-May/25,,,,,,,,,,,,,,,,,,,,,,,,,,,,,,,
06-May/25,,,,,,,,,,,,,,,,,,,,,,,,,,,,,,,
07-May/25,,,,,,,,,,,,,,,,,,,,,,,,,,,,,,,
08-May/25,,,,,,,,,,,,,,,,,,,,,,,,,,,,,,,
09-May/25,,,,,,,,,,,,,,,,,,,,,,,,,,,,,,,
10-May/25,,,,,,,,,,,,,,,,,,,,,,,,,,,,,,,
11-May/25,,,,,,,,,,,,,,,,,,,,,,,,,,,,,,,
12-May/25,,,,,,,,,,,,,,,,,,,,,,,,,,,,,,,
13-May/25,,,,,,,,,,,,,,,,,,,,,,,,,,,,,,,
14-May/25,,,,,,,,,,,,,,,,,,,,,,,,,,,,,,,
15-May/25,,,,,,,,,,,,,,,,,,,,,,,,,,,,,,,
16-May/25,,,,,,,,,,,,,,,,,,,,,,,,,,,,,,,
17-May/25,,,,,,,,,,,,,,,,,,,,,,,,,,,,,,,
18-May/25,,,,,,,,,,,,,,,,,,,,,,,,,,,,,,,
19-May/25,,,,,,,,,,,,,,,,,,,,,,,,,,,,,,,
20-May/25,,,,,,,,,,,,,,,,,,,,,,,,,,,,,,,
21-May/25,,,,,,,,,,,,,,,,,,,,,,,,,,,,,,,
22-May/25,,,,,,,,,,,,,,,,,,,,,,,,,,,,,,,
23-May/25,,,,,,,,,,,,,,,,,,,,,,,,,,,,,,,
24-May/25,,,,,,,,,,,,,,,,,,,,,,,,,,,,,,,
25-May/25,,,,,,,,,,,,,,,,,,,,,,,,,,,,,,,
26-May/25,,,,,,,,,,,,,,,,,,,,,,,,,,,,,,,
27-May/25,,,,,,,,,,,,,,,,,,,,,,,,,,,,,,,
28-May/25,,,,,,,,,,,,,,,,,,,,,,,,,,,,,,,
29-May/25,,,,,,,,,,,,,,,,,,,,,,,,,,,,,,,
30-May/25,,,,,,,,,,,,,,,,,,,,,,,,,,,,,,,
31-May/25,,,,,,,,,,,,,,,,,,,,,,,,,,,,,,,
01-Jun/25,,,,,,,,,,,,,,,,,,,,,,,,,,,,,,,
02-Jun/25,,,,,,,,,,,,,,,,,,,,,,,,,,,,,,,
03-Jun/25,,,,,,,,,,,,,,,,,,,,,,,,,,,,,,,
04-Jun/25,,,,,,,,,,,,,,,,,,,,,,,,,,,,,,,
05-Jun/25,,,,,,,,,,,,,,,,,,,,,,,,,,,,,,,
06-Jun/25,,,,,,,,,,,,,,,,,,,,,,,,,,,,,,,
07-Jun/25,,,,,,,,,,,,,,,,,,,,,,,,,,,,,,,
08-Jun/25,,,,,,,,,,,,,,,,,,,,,,,,,,,,,,,
09-Jun/25,,,,,,,,,,,,,,,,,,,,,,,,,,,,,,,
10-Jun/25,,,,,,,,,,,,,,,,,,,,,,,,,,,,,,,
11-Jun/25,,,,,,,,,,,,,,,,,,,,,,,,,,,,,,,
12-Jun/25,,,,,,,,,,,,,,,,,,,,,,,,,,,,,,,
13-Jun/25,,,,,,,,,,,,,,,,,,,,,,,,,,,,,,,
14-Jun/25,,,,,,,,,,,,,,,,,,,,,,,,,,,,,,,
15-Jun/25,,,,,,,,,,,,,,,,,,,,,,,,,,,,,,,
16-Jun/25,,,,,,,,,,,,,,,,,,,,,,,,,,,,,,,
17-Jun/25,,,,,,,,,,,,,,,,,,,,,,,,,,,,,,,
18-Jun/25,,,,,,,,,,,,,,,,,,,,,,,,,,,,,,,
19-Jun/25,,,,,,,,,,,,,,,,,,,,,,,,,,,,,,,
20-Jun/25,,,,,,,,,,,,,,,,,,,,,,,,,,,,,,,
21-Jun/25,,,,,,,,,,,,,,,,,,,,,,,,,,,,,,,
22-Jun/25,,,,,,,,,,,,,,,,,,,,,,,,,,,,,,,
23-Jun/25,,,,,,,,,,,,,,,,,,,,,,,,,,,,,,,
24-Jun/25,,,,,,,,,,,,,,,,,,,,,,,,,,,,,,,
25-Jun/25,,,,,,,,,,,,,,,,,,,,,,,,,,,,,,,
26-Jun/25,,,,,,,,,,,,,,,,,,,,,,,,,,,,,,,
27-Jun/25,,,,,,,,,,,,,,,,,,,,,,,,,,,,,,,
28-Jun/25,,,,,,,,,,,,,,,,,,,,,,,,,,,,,,,
29-Jun/25,,,,,,,,,,,,,,,,,,,,,,,,,,,,,,,
30-Jun/25,,,,,,,,,,,,,,,,,,,,,,,,,,,,,,,
01-Jul/25,,,,,,,,,,,,,,,,,,,,,,,,,,,,,,,
02-Jul/25,,,,,,,,,,,,,,,,,,,,,,,,,,,,,,,
03-Jul/25,,,,,,,,,,,,,,,,,,,,,,,,,,,,,,,
04-Jul/25,,,,,,,,,,,,,,,,,,,,,,,,,,,,,,,
05-Jul/25,,,,,,,,,,,,,,,,,,,,,,,,,,,,,,,
06-Jul/25,,,,,,,,,,,,,,,,,,,,,,,,,,,,,,,
07-Jul/25,,,,,,,,,,,,,,,,,,,,,,,,,,,,,,,
08-Jul/25,,,,,,,,,,,,,,,,,,,,,,,,,,,,,,,
09-Jul/25,,,,,,,,,,,,,,,,,,,,,,,,,,,,,,,
10-Jul/25,,,,,,,,,,,,,,,,,,,,,,,,,,,,,,,
11-Jul/25,,,,,,,,,,,,,,,,,,,,,,,,,,,,,,,
12-Jul/25,,,,,,,,,,,,,,,,,,,,,,,,,,,,,,,
13-Jul/25,,,,,,,,,,,,,,,,,,,,,,,,,,,,,,,
14-Jul/25,,,,,,,,,,,,,,,,,,,,,,,,,,,,,,,
15-Jul/25,,,,,,,,,,,,,,,,,,,,,,,,,,,,,,,
16-Jul/25,,,,,,,,,,,,,,,,,,,,,,,,,,,,,,,
17-Jul/25,,,,,,,,,,,,,,,,,,,,,,,,,,,,,,,
18-Jul/25,,,,,,,,,,,,,,,,,,,,,,,,,,,,,,,
19-Jul/25,,,,,,,,,,,,,,,,,,,,,,,,,,,,,,,
20-Jul/25,,,,,,,,,,,,,,,,,,,,,,,,,,,,,,,
21-Jul/25,,,,,,,,,,,,,,,,,,,,,,,,,,,,,,,
22-Jul/25,,,,,,,,,,,,,,,,,,,,,,,,,,,,,,,
23-Jul/25,,,,,,,,,,,,,,,,,,,,,,,,,,,,,,,
24-Jul/25,,,,,,,,,,,,,,,,,,,,,,,,,,,,,,,
25-Jul/25,,,,,,,,,,,,,,,,,,,,,,,,,,,,,,,
26-Jul/25,,,,,,,,,,,,,,,,,,,,,,,,,,,,,,,
27-Jul/25,,,,,,,,,,,,,,,,,,,,,,,,,,,,,,,
28-Jul/25,,,,,,,,,,,,,,,,,,,,,,,,,,,,,,,
29-Jul/25,,,,,,,,,,,,,,,,,,,,,,,,,,,,,,,
30-Jul/25,,,,,,,,,,,,,,,,,,,,,,,,,,,,,,,
31-Jul/25,,,,,,,,,,,,,,,,,,,,,,,,,,,,,,,
01-Aug/25,,,,,,,,,,,,,,,,,,,,,,,,,,,,,,,
02-Aug/25,,,,,,,,,,,,,,,,,,,,,,,,,,,,,,,
03-Aug/25,,,,,,,,,,,,,,,,,,,,,,,,,,,,,,,
04-Aug/25,,,,,,,,,,,,,,,,,,,,,,,,,,,,,,,
05-Aug/25,,,,,,,,,,,,,,,,,,,,,,,,,,,,,,,
06-Aug/25,,,,,,,,,,,,,,,,,,,,,,,,,,,,,,,
07-Aug/25,,,,,,,,,,,,,,,,,,,,,,,,,,,,,,,
08-Aug/25,,,,,,,,,,,,,,,,,,,,,,,,,,,,,,,
09-Aug/25,,,,,,,,,,,,,,,,,,,,,,,,,,,,,,,
10-Aug/25,,,,,,,,,,,,,,,,,,,,,,,,,,,,,,,
11-Aug/25,,,,,,,,,,,,,,,,,,,,,,,,,,,,,,,
12-Aug/25,,,,,,,,,,,,,,,,,,,,,,,,,,,,,,,
13-Aug/25,,,,,,,,,,,,,,,,,,,,,,,,,,,,,,,
14-Aug/25,,,,,,,,,,,,,,,,,,,,,,,,,,,,,,,
15-Aug/25,,,,,,,,,,,,,,,,,,,,,,,,,,,,,,,
16-Aug/25,,,,,,,,,,,,,,,,,,,,,,,,,,,,,,,
17-Aug/25,,,,,,,,,,,,,,,,,,,,,,,,,,,,,,,
18-Aug/25,,,,,,,,,,,,,,,,,,,,,,,,,,,,,,,
19-Aug/25,,,,,,,,,,,,,,,,,,,,,,,,,,,,,,,
20-Aug/25,,,,,,,,,,,,,,,,,,,,,,,,,,,,,,,
21-Aug/25,,,,,,,,,,,,,,,,,,,,,,,,,,,,,,,
22-Aug/25,,,,,,,,,,,,,,,,,,,,,,,,,,,,,,,
23-Aug/25,,,,,,,,,,,,,,,,,,,,,,,,,,,,,,,
24-Aug/25,,,,,,,,,,,,,,,,,,,,,,,,,,,,,,,
25-Aug/25,,,,,,,,,,,,,,,,,,,,,,,,,,,,,,,
26-Aug/25,,,,,,,,,,,,,,,,,,,,,,,,,,,,,,,
27-Aug/25,,,,,,,,,,,,,,,,,,,,,,,,,,,,,,,
28-Aug/25,,,,,,,,,,,,,,,,,,,,,,,,,,,,,,,
29-Aug/25,,,,,,,,,,,,,,,,,,,,,,,,,,,,,,,
30-Aug/25,,,,,,,,,,,,,,,,,,,,,,,,,,,,,,,
31-Aug/25,,,,,,,,,,,,,,,,,,,,,,,,,,,,,,,
01-Sep/25,,,,,,,,,,,,,,,,,,,,,,,,,,,,,,,
02-Sep/25,,,,,,,,,,,,,,,,,,,,,,,,,,,,,,,
03-Sep/25,,,,,,,,,,,,,,,,,,,,,,,,,,,,,,,
04-Sep/25,,,,,,,,,,,,,,,,,,,,,,,,,,,,,,,
05-Sep/25,,,,,,,,,,,,,,,,,,,,,,,,,,,,,,,
06-Sep/25,,,,,,,,,,,,,,,,,,,,,,,,,,,,,,,
07-Sep/25,,,,,,,,,,,,,,,,,,,,,,,,,,,,,,,
08-Sep/25,,,,,,,,,,,,,,,,,,,,,,,,,,,,,,,
09-Sep/25,,,,,,,,,,,,,,,,,,,,,,,,,,,,,,,
10-Sep/25,,,,,,,,,,,,,,,,,,,,,,,,,,,,,,,
11-Sep/25,,,,,,,,,,,,,,,,,,,,,,,,,,,,,,,
12-Sep/25,,,,,,,,,,,,,,,,,,,,,,,,,,,,,,,
13-Sep/25,,,,,,,,,,,,,,,,,,,,,,,,,,,,,,,
14-Sep/25,,,,,,,,,,,,,,,,,,,,,,,,,,,,,,,
15-Sep/25,,,,,,,,,,,,,,,,,,,,,,,,,,,,,,,
16-Sep/25,,,,,,,,,,,,,,,,,,,,,,,,,,,,,,,
17-Sep/25,,,,,,,,,,,,,,,,,,,,,,,,,,,,,,,
18-Sep/25,,,,,,,,,,,,,,,,,,,,,,,,,,,,,,,
19-Sep/25,,,,,,,,,,,,,,,,,,,,,,,,,,,,,,,
20-Sep/25,,,,,,,,,,,,,,,,,,,,,,,,,,,,,,,
21-Sep/25,,,,,,,,,,,,,,,,,,,,,,,,,,,,,,,
22-Sep/25,,,,,,,,,,,,,,,,,,,,,,,,,,,,,,,
23-Sep/25,,,,,,,,,,,,,,,,,,,,,,,,,,,,,,,
24-Sep/25,,,,,,,,,,,,,,,,,,,,,,,,,,,,,,,
25-Sep/25,,,,,,,,,,,,,,,,,,,,,,,,,,,,,,,
26-Sep/25,,,,,,,,,,,,,,,,,,,,,,,,,,,,,,,
27-Sep/25,,,,,,,,,,,,,,,,,,,,,,,,,,,,,,,
28-Sep/25,,,,,,,,,,,,,,,,,,,,,,,,,,,,,,,
29-Sep/25,,,,,,,,,,,,,,,,,,,,,,,,,,,,,,,
30-Sep/25,,,,,,,,,,,,,,,,,,,,,,,,,,,,,,,
01-Oct/25,,,,,,,,,,,,,,,,,,,,,,,,,,,,,,,
02-Oct/25,,,,,,,,,,,,,,,,,,,,,,,,,,,,,,,
03-Oct/25,,,,,,,,,,,,,,,,,,,,,,,,,,,,,,,
04-Oct/25,,,,,,,,,,,,,,,,,,,,,,,,,,,,,,,
05-Oct/25,,,,,,,,,,,,,,,,,,,,,,,,,,,,,,,
06-Oct/25,,,,,,,,,,,,,,,,,,,,,,,,,,,,,,,
07-Oct/25,,,,,,,,,,,,,,,,,,,,,,,,,,,,,,,
08-Oct/25,,,,,,,,,,,,,,,,,,,,,,,,,,,,,,,
09-Oct/25,,,,,,,,,,,,,,,,,,,,,,,,,,,,,,,
10-Oct/25,,,,,,,,,,,,,,,,,,,,,,,,,,,,,,,
11-Oct/25,,,,,,,,,,,,,,,,,,,,,,,,,,,,,,,
12-Oct/25,,,,,,,,,,,,,,,,,,,,,,,,,,,,,,,
13-Oct/25,,,,,,,,,,,,,,,,,,,,,,,,,,,,,,,
14-Oct/25,,,,,,,,,,,,,,,,,,,,,,,,,,,,,,,
15-Oct/25,,,,,,,,,,,,,,,,,,,,,,,,,,,,,,,
16-Oct/25,,,,,,,,,,,,,,,,,,,,,,,,,,,,,,,
17-Oct/25,,,,,,,,,,,,,,,,,,,,,,,,,,,,,,,
18-Oct/25,,,,,,,,,,,,,,,,,,,,,,,,,,,,,,,
19-Oct/25,,,,,,,,,,,,,,,,,,,,,,,,,,,,,,,
20-Oct/25,,,,,,,,,,,,,,,,,,,,,,,,,,,,,,,
21-Oct/25,,,,,,,,,,,,,,,,,,,,,,,,,,,,,,,
22-Oct/25,,,,,,,,,,,,,,,,,,,,,,,,,,,,,,,
23-Oct/25,,,,,,,,,,,,,,,,,,,,,,,,,,,,,,,
24-Oct/25,,,,,,,,,,,,,,,,,,,,,,,,,,,,,,,
25-Oct/25,,,,,,,,,,,,,,,,,,,,,,,,,,,,,,,
26-Oct/25,,,,,,,,,,,,,,,,,,,,,,,,,,,,,,,
27-Oct/25,,,,,,,,,,,,,,,,,,,,,,,,,,,,,,,
28-Oct/25,,,,,,,,,,,,,,,,,,,,,,,,,,,,,,,
29-Oct/25,,,,,,,,,,,,,,,,,,,,,,,,,,,,,,,
30-Oct/25,,,,,,,,,,,,,,,,,,,,,,,,,,,,,,,
31-Oct/25,,,,,,,,,,,,,,,,,,,,,,,,,,,,,,,
01-Nov/25,,,,,,,,,,,,,,,,,,,,,,,,,,,,,,,
02-Nov/25,,,,,,,,,,,,,,,,,,,,,,,,,,,,,,,
03-Nov/25,,,,,,,,,,,,,,,,,,,,,,,,,,,,,,,
04-Nov/25,,,,,,,,,,,,,,,,,,,,,,,,,,,,,,,
05-Nov/25,,,,,,,,,,,,,,,,,,,,,,,,,,,,,,,
06-Nov/25,,,,,,,,,,,,,,,,,,,,,,,,,,,,,,,
07-Nov/25,,,,,,,,,,,,,,,,,,,,,,,,,,,,,,,
08-Nov/25,,,,,,,,,,,,,,,,,,,,,,,,,,,,,,,
09-Nov/25,,,,,,,,,,,,,,,,,,,,,,,,,,,,,,,
10-Nov/25,,,,,,,,,,,,,,,,,,,,,,,,,,,,,,,
11-Nov/25,,,,,,,,,,,,,,,,,,,,,,,,,,,,,,,
12-Nov/25,,,,,,,,,,,,,,,,,,,,,,,,,,,,,,,
13-Nov/25,,,,,,,,,,,,,,,,,,,,,,,,,,,,,,,
14-Nov/25,,,,,,,,,,,,,,,,,,,,,,,,,,,,,,,
15-Nov/25,,,,,,,,,,,,,,,,,,,,,,,,,,,,,,,
16-Nov/25,,,,,,,,,,,,,,,,,,,,,,,,,,,,,,,
17-Nov/25,,,,,,,,,,,,,,,,,,,,,,,,,,,,,,,
18-Nov/25,,,,,,,,,,,,,,,,,,,,,,,,,,,,,,,
19-Nov/25,,,,,,,,,,,,,,,,,,,,,,,,,,,,,,,
20-Nov/25,,,,,,,,,,,,,,,,,,,,,,,,,,,,,,,
21-Nov/25,,,,,,,,,,,,,,,,,,,,,,,,,,,,,,,
22-Nov/25,,,,,,,,,,,,,,,,,,,,,,,,,,,,,,,
23-Nov/25,,,,,,,,,,,,,,,,,,,,,,,,,,,,,,,
24-Nov/25,,,,,,,,,,,,,,,,,,,,,,,,,,,,,,,
25-Nov/25,,,,,,,,,,,,,,,,,,,,,,,,,,,,,,,
26-Nov/25,,,,,,,,,,,,,,,,,,,,,,,,,,,,,,,
27-Nov/25,,,,,,,,,,,,,,,,,,,,,,,,,,,,,,,
28-Nov/25,,,,,,,,,,,,,,,,,,,,,,,,,,,,,,,
29-Nov/25,,,,,,,,,,,,,,,,,,,,,,,,,,,,,,,
30-Nov/25,,,,,,,,,,,,,,,,,,,,,,,,,,,,,,,
01-Dec/25,,,,,,,,,,,,,,,,,,,,,,,,,,,,,,,
02-Dec/25,,,,,,,,,,,,,,,,,,,,,,,,,,,,,,,
03-Dec/25,,,,,,,,,,,,,,,,,,,,,,,,,,,,,,,
04-Dec/25,,,,,,,,,,,,,,,,,,,,,,,,,,,,,,,
05-Dec/25,,,,,,,,,,,,,,,,,,,,,,,,,,,,,,,
06-Dec/25,,,,,,,,,,,,,,,,,,,,,,,,,,,,,,,
07-Dec/25,,,,,,,,,,,,,,,,,,,,,,,,,,,,,,,
08-Dec/25,,,,,,,,,,,,,,,,,,,,,,,,,,,,,,,
09-Dec/25,,,,,,,,,,,,,,,,,,,,,,,,,,,,,,,
10-Dec/25,,,,,,,,,,,,,,,,,,,,,,,,,,,,,,,
11-Dec/25,,,,,,,,,,,,,,,,,,,,,,,,,,,,,,,
12-Dec/25,,,,,,,,,,,,,,,,,,,,,,,,,,,,,,,
13-Dec/25,,,,,,,,,,,,,,,,,,,,,,,,,,,,,,,
14-Dec/25,,,,,,,,,,,,,,,,,,,,,,,,,,,,,,,
15-Dec/25,,,,,,,,,,,,,,,,,,,,,,,,,,,,,,,
16-Dec/25,,,,,,,,,,,,,,,,,,,,,,,,,,,,,,,
17-Dec/25,,,,,,,,,,,,,,,,,,,,,,,,,,,,,,,
18-Dec/25,,,,,,,,,,,,,,,,,,,,,,,,,,,,,,,
19-Dec/25,,,,,,,,,,,,,,,,,,,,,,,,,,,,,,,
20-Dec/25,,,,,,,,,,,,,,,,,,,,,,,,,,,,,,,
21-Dec/25,,,,,,,,,,,,,,,,,,,,,,,,,,,,,,,
22-Dec/25,,,,,,,,,,,,,,,,,,,,,,,,,,,,,,,
23-Dec/25,,,,,,,,,,,,,,,,,,,,,,,,,,,,,,,
24-Dec/25,,,,,,,,,,,,,,,,,,,,,,,,,,,,,,,
25-Dec/25,,,,,,,,,,,,,,,,,,,,,,,,,,,,,,,
26-Dec/25,,,,,,,,,,,,,,,,,,,,,,,,,,,,,,,
27-Dec/25,,,,,,,,,,,,,,,,,,,,,,,,,,,,,,,
28-Dec/25,,,,,,,,,,,,,,,,,,,,,,,,,,,,,,,
29-Dec/25,,,,,,,,,,,,,,,,,,,,,,,,,,,,,,,
30-Dec/25,,,,,,,,,,,,,,,,,,,,,,,,,,,,,,,
31-Dec/25,,,,,,,,,,,,,,,,,,,,,,,,,,,,,,,